timestamp,cpu_usage,memory_usage,latency_ms,disk_usage,network_in_kbps,network_out_kbps,io_wait,thread_count,active_connections,error_rate,uptime_seconds,temperature_celsius,power_consumption_watts,service_status.database,service_status.api_gateway,service_status.cache,usage_index,network_index,database_online,database_degraded,database_offline,api_gateway_online,api_gateway_degraded,api_gateway_offline,cache_online,cache_degraded,cache_offline,latency_ms_roll_mean,latency_ms_roll_std,latency_ms_z,cpu_usage_roll_mean,cpu_usage_roll_std,cpu_usage_z,memory_usage_roll_mean,memory_usage_roll_std,memory_usage_z,network_index_roll_mean,network_index_roll_std,network_index_z,error_rate_roll_mean,error_rate_roll_std,error_rate_z,anomaly_cpu,anomaly_memory,anomaly_disk,anomaly_latency,anomaly_error_rate,anomaly_temp,anomaly_db_offline,anomaly_api_degraded,anomaly_cache_degraded,anomaly_spike_latency_ms,anomaly_spike_cpu_usage,anomaly_spike_memory_usage,anomaly_spike_network_index,anomaly_spike_error_rate,severity
2023-10-01 12:00:00+00:00,93,86,334,89,2541,2137,12,143,126,0.12,360000,84,356,online,degraded,online,90.25,4678,1,0,0,0,1,0,1,0,0,,,,,,,,,,,,,,,,True,False,True,True,True,False,False,True,False,False,False,False,False,False,1
2023-10-01 15:00:00+00:00,73,79,213,77,1506,1618,6,165,73,0.04,370800,67,290,online,degraded,degraded,75.5,3124,1,0,0,0,1,0,0,1,0,172.0,72.34441433665964,0.5667334565624337,62.857142857142854,13.912261513074116,0.7290588329816361,70.42857142857143,8.050858744917353,1.0646601614815143,2785.5714285714284,823.9946007352331,0.4107169769396533,0.037142857142857144,0.034522988495984494,0.08276058886023678,False,False,False,False,False,False,False,True,True,False,False,False,False,False,1
2023-10-01 15:30:00+00:00,72,76,232,73,1455,1391,5,157,69,0.04,372600,71,272,online,degraded,degraded,73.25,2846,1,0,0,0,1,0,0,1,0,179.5,70.52127338612087,0.744456211284642,64.0,13.360389215887388,0.5987849508520958,71.125,7.753023603730353,0.6287869416074527,2793.125,771.035413826758,0.0685766166531494,0.0375,0.03230711995830021,0.07738232325341375,False,False,False,False,False,False,False,True,True,False,False,False,False,False,1
2023-10-01 16:00:00+00:00,73,75,225,76,1651,1486,6,156,70,0.04,374400,70,291,online,degraded,degraded,74.25,3137,1,0,0,0,1,0,0,1,0,184.55555555555554,68.00835097595835,0.5946982078530618,65.0,12.909944487358056,0.6196773353931867,71.55555555555556,7.410369778014695,0.46481411152565194,2831.3333333333335,734.9282655848498,0.4159136081443534,0.03777777777777777,0.030469576001782416,0.07293249574894753,False,False,False,False,False,False,False,True,True,False,False,False,False,False,1
2023-10-01 16:30:00+00:00,75,75,200,76,1645,1529,6,163,72,0.04,376200,73,277,online,degraded,degraded,75.25,3174,1,0,0,0,1,0,0,1,0,186.1,64.68454220290965,0.21488905272602754,66.0,12.609520212918492,0.7137464271463297,71.9,7.1056315693962055,0.4362736752847733,2865.6,704.7520415011226,0.4376007188898776,0.038,0.028913664589601918,0.06917144638660754,False,False,False,False,False,False,False,True,True,False,False,False,False,False,1
2023-10-01 17:00:00+00:00,76,78,224,77,1690,1511,5,158,72,0.04,378000,72,286,online,degraded,degraded,76.75,3201,1,0,0,0,1,0,0,1,0,175.1,44.93651076797129,1.0882019801780807,64.3,9.654532614269838,1.2118660185275951,71.1,5.8043087443725785,1.188772049159123,2717.9,397.02656082433583,1.216795166038645,0.03,0.009999999999999998,1.0000000000000004,False,False,False,False,False,False,False,True,True,False,False,False,False,False,1
2023-10-01 17:30:00+00:00,73,77,217,74,1759,1641,5,160,72,0.04,379800,72,267,online,degraded,degraded,74.25,3400,1,0,0,0,1,0,0,1,0,182.9,44.76259599263652,0.7617967466768342,65.9,9.637945839233586,0.7366714981005319,72.2,5.775811631277458,0.8310520332773323,2821.5,425.32181933213815,1.360146537763781,0.032,0.009797958971132711,0.8164965809277261,False,False,False,False,False,False,False,True,True,False,False,False,False,False,1
2023-10-01 19:00:00+00:00,60,65,113,58,1114,1008,2,155,51,0.02,385200,57,257,offline,online,online,60.75,2122,0,0,1,1,0,0,1,0,0,178.8,49.40809650249642,-1.3317655335431788,66.9,8.443340571124677,-0.8172120906264599,72.2,5.617828762075254,-1.2816339381160289,2810.3,437.5781187399571,-1.5729762767434938,0.032,0.009797958971132711,-1.2247448713915892,False,False,False,False,False,False,True,False,False,False,False,False,False,False,2
2023-10-01 19:30:00+00:00,67,67,198,72,1519,1264,5,186,58,0.05,387000,65,260,online,online,degraded,68.25,2783,1,0,0,1,0,0,0,1,0,186.9,45.06095871150545,0.24633297465031126,68.0,7.628892449104262,-0.13108062627326905,72.4,5.38887743412299,-1.0020639856840288,2843.6,421.25840050971084,-0.1438546980349249,0.035,0.010246950765959597,1.4638501094227998,False,False,False,False,False,False,False,False,True,False,False,False,False,False,1
2023-10-01 22:00:00+00:00,98,88,368,90,2518,1960,14,153,127,0.11,396000,86,375,online,degraded,online,93.5,4478,1,0,0,0,1,0,1,0,0,168.4,73.9529580206228,2.6990130664460885,62.9,13.13354483755242,2.6725457927885117,68.5,7.553145040312682,2.5817060172847874,2640.9,712.8480132538774,2.5771271937959734,0.034,0.02727636339397171,2.7862951854057125,True,False,True,True,True,True,False,True,False,True,True,True,True,True,1
2023-10-01 22:30:00+00:00,60,66,137,62,1188,1156,3,143,50,0.02,397800,62,252,offline,online,online,62.0,2344,0,0,1,1,0,0,1,0,0,160.4,72.5771313844795,-0.3224156087960795,61.6,12.705904139414866,-0.1259257100041119,67.4,7.0171219171395425,-0.1995119960194024,2535.3,669.4718888795858,-0.285747621636744,0.032,0.027495454169735038,-0.43643578047198484,False,False,False,False,False,False,True,False,False,False,False,False,False,False,2
2023-10-02 02:00:00+00:00,62,63,122,59,1096,1036,3,150,48,0.02,410400,58,254,offline,online,online,61.5,2132,0,0,1,1,0,0,1,0,0,153.4,71.90299020207712,-0.43669950181144107,59.6,13.154466921924266,0.18244753012377646,66.9,7.231182475916381,-0.5393308788692645,2465.9,676.6803455103457,-0.4934383009871167,0.029000000000000005,0.027,-0.3333333333333335,False,False,False,False,False,False,True,False,False,False,False,False,False,False,2
2023-10-02 03:00:00+00:00,93,87,369,88,2561,2030,13,148,129,0.12,414000,88,370,online,degraded,online,90.25,4591,1,0,0,0,1,0,1,0,0,152.3,72.58105813502583,2.9856274566411414,59.1,11.699999999999987,2.8974358974359005,66.7,6.986415389883441,2.9056388529939206,2503.7,704.6031578129639,2.9623767320016348,0.03,0.030000000000000002,2.9999999999999996,True,False,True,True,True,True,False,True,False,True,True,True,True,True,1
2023-10-02 05:30:00+00:00,60,65,114,58,1130,1065,3,156,49,0.02,423000,58,247,offline,online,online,60.75,2195,0,0,1,1,0,0,1,0,0,150.4,73.21092814600836,-0.4971935327387954,60.3,11.2521109130687,-0.026661663959565478,65.9,7.147726911403389,-0.12591415580863305,2516.5,701.5580161326649,-0.45826573513088364,0.030000000000000006,0.030000000000000002,-0.3333333333333335,False,False,False,False,False,False,True,False,False,False,False,False,False,False,2
2023-10-02 08:00:00+00:00,97,91,355,89,2850,2157,11,144,133,0.12,432000,85,379,online,degraded,online,93.5,5007,1,0,0,0,1,0,1,0,0,151.7,68.15871184228762,2.9827441643911303,60.2,12.496399481450636,2.94484823845661,66.6,8.224354077980848,2.9667983368233606,2595.0,808.5994063811822,2.982935655115925,0.030000000000000006,0.030000000000000002,2.9999999999999996,True,True,True,True,True,True,False,True,False,True,True,True,True,True,2
2023-10-02 09:00:00+00:00,61,66,120,62,1106,1098,3,153,52,0.02,435600,60,254,offline,online,online,62.5,2204,0,0,1,1,0,0,1,0,0,150.6,68.57142261904735,-0.44625003873698416,60.6,12.411285187280152,0.03222873328299177,67.2,8.009993757800325,-0.14981285083167686,2587.3,811.1141781524967,-0.47255985695263775,0.03,0.030000000000000002,-0.33333333333333326,False,False,False,False,False,False,True,False,False,False,False,False,False,False,2
2023-10-02 10:30:00+00:00,67,67,208,69,1646,1321,5,172,59,0.05,441000,67,279,online,online,degraded,67.5,2967,1,0,0,1,0,0,0,1,0,158.6,69.93454082211449,0.706374838803244,60.8,12.804686642007281,0.4841977139573391,67.6,7.9018985060553755,-0.07593111953288224,2663.8,807.105420623601,0.3756634415436532,0.032999999999999995,0.030347981810987038,0.5601690453710965,False,False,False,False,False,False,False,False,True,False,False,False,False,False,1
2023-10-02 12:30:00+00:00,57,66,116,59,1121,1028,3,153,51,0.02,448200,57,248,offline,online,online,59.75,2149,0,0,1,1,0,0,1,0,0,154.7,71.57660232226728,-0.5406794782707998,60.9,12.747156545677147,-0.30595058482454884,68.3,7.694803441284263,-0.2989030217016339,2645.1,816.8419002475325,-0.6073390699591484,0.033,0.030347981810987038,-0.4283645641073089,False,False,False,False,False,False,True,False,False,False,False,False,False,False,2
2023-10-02 13:00:00+00:00,99,92,327,92,2559,2287,10,149,136,0.12,450000,87,370,online,degraded,online,95.5,4846,1,0,0,0,1,0,1,0,0,151.9,63.812929724312134,2.743958015350117,61.1,13.315029102484145,2.846407597631845,68.4,7.98999374217528,2.9536944284983737,2629.0,770.396261673173,2.8777398207839737,0.033,0.030347981810987038,2.8667474674873743,True,True,True,True,True,True,False,True,False,True,True,True,True,True,2
2023-10-02 16:00:00+00:00,57,63,134,60,1218,1012,3,144,50,0.02,460800,60,248,offline,online,online,59.25,2230,0,0,1,1,0,0,1,0,0,145.3,60.84085798211593,-0.18573045112745826,59.2,13.377593206552502,-0.16445409619141482,67.1,8.443340571124686,-0.48558979298093835,2515.7,783.4038613639842,-0.36469056905408614,0.03,0.030000000000000002,-0.33333333333333326,False,False,False,False,False,False,True,False,False,False,False,False,False,False,2
2023-10-02 18:00:00+00:00,98,88,380,90,2511,2126,13,146,130,0.13,468000,88,382,online,degraded,online,93.5,4637,1,0,0,0,1,0,1,0,0,151.7,76.36759784096918,2.989487773013637,59.1,13.057181931795222,2.9792033383004006,66.4,7.282856582413259,2.9658691964578803,2488.0,720.2237152440904,2.9837951104840865,0.031,0.033,3.0,True,False,True,True,True,True,False,True,False,True,True,True,True,True,1
2023-10-02 19:30:00+00:00,62,62,126,58,1175,1171,3,156,51,0.02,473400,60,247,offline,online,online,61.0,2346,0,0,1,1,0,0,1,0,0,152.7,76.10657001862586,-0.3508238512583814,59.9,12.949517365523691,0.16216820602063228,66.4,7.323933369440231,-0.6007700750472964,2523.1,705.4723878366897,-0.251037465184246,0.031,0.033,-0.3333333333333333,False,False,False,False,False,False,True,False,False,False,False,False,False,False,2
2023-10-02 23:00:00+00:00,97,84,349,89,2613,2166,10,148,130,0.12,486000,83,358,online,degraded,online,91.75,4779,1,0,0,0,1,0,1,0,0,151.2,66.21298966215012,2.987329238707825,59.4,12.799999999999986,2.937500000000003,67.0,5.813776741499466,2.9240888936535647,2552.9,743.60344942718,2.99366551044758,0.03,0.030000000000000002,2.9999999999999996,True,False,True,True,True,False,False,True,False,True,True,True,True,True,1
2023-10-03 01:30:00+00:00,73,68,213,70,1372,1521,6,174,61,0.05,495000,66,275,online,online,degraded,71.0,2893,1,0,0,1,0,0,0,1,0,157.6,68.98579563939231,0.8030638696926975,61.4,13.02459212413194,0.8906228993157906,67.6,5.695612346359271,0.07022949872206319,2618.9,741.8354871533178,0.3694889294819495,0.033,0.030347981810987038,0.5601690453710962,False,False,False,False,False,False,False,False,True,False,False,False,False,False,1
2023-10-03 02:30:00+00:00,59,62,117,61,1080,1020,3,143,49,0.02,498600,60,241,offline,online,online,60.25,2100,0,0,1,1,0,0,1,0,0,157.4,69.15663381050295,-0.584181122966462,61.6,12.970736293672761,-0.20045122660217093,67.4,5.851495535331131,-0.9228410014832942,2599.1,752.6998671449335,-0.6630796972146901,0.033,0.030347981810987038,-0.4283645641073089,False,False,False,False,False,False,True,False,False,False,False,False,False,False,2
2023-10-03 04:00:00+00:00,93,87,369,90,2843,2300,12,144,135,0.11,504000,85,357,online,degraded,online,90.75,5143,1,0,0,0,1,0,1,0,0,161.1,74.14506052327424,2.8039629144916525,61.8,11.582745788456199,2.6936618112688873,67.4,6.814690014960341,2.8761396273303648,2620.9,863.9399805542051,2.919300017093906,0.032,0.027495454169735048,2.8368325730679,True,False,True,True,True,True,False,True,False,True,True,True,True,True,1
2023-10-03 06:00:00+00:00,61,63,122,59,1313,1050,3,155,51,0.02,511200,60,242,offline,online,online,61.0,2363,0,0,1,1,0,0,1,0,0,161.7,73.78895581318386,-0.5380208943532278,62.1,11.57972365818804,-0.09499363132229754,67.4,6.81469001496034,-0.6456639979721238,2591.1,875.839648565878,-0.26043580051839016,0.032,0.027495454169735048,-0.43643578047198467,False,False,False,False,False,False,True,False,False,False,False,False,False,False,2
2023-10-03 09:00:00+00:00,93,92,381,92,2515,2137,11,146,129,0.11,522000,88,361,online,degraded,online,92.5,4652,1,0,0,0,1,0,1,0,0,152.3,76.47489784236393,2.990523772537943,60.0,11.23387733598688,2.937543201961711,68.1,8.178630692236943,2.9222495671170963,2519.7,713.6953201471905,2.987689480099492,0.029000000000000005,0.027000000000000007,2.9999999999999987,True,True,True,True,True,True,False,True,False,True,True,True,True,True,2
2023-10-03 09:30:00+00:00,59,62,135,57,1140,1027,3,147,52,0.02,523800,60,244,offline,online,online,59.25,2167,0,0,1,1,0,0,1,0,0,153.1,76.24755733792395,-0.2373846537769339,60.1,11.220071301021205,-0.09803859266918241,67.5,8.381527307120114,-0.6562049848990822,2517.1,714.9270522228129,-0.489700311257614,0.028999999999999998,0.027000000000000007,-0.33333333333333315,False,False,False,False,False,False,True,False,False,False,False,False,False,False,2
2023-10-03 13:00:00+00:00,61,68,120,61,1201,1161,3,154,50,0.02,536400,57,250,offline,online,online,62.75,2362,0,0,1,1,0,0,1,0,0,151.0,76.98051701567091,-0.4026992958970298,59.1,11.622822376686294,0.16347148209122808,67.0,8.579044235810894,0.11656310103003913,2579.1,695.7346405059909,-0.3120442584864085,0.028999999999999998,0.027000000000000007,-0.33333333333333315,False,False,False,False,False,False,True,False,False,False,False,False,False,False,2
2023-10-03 14:00:00+00:00,91,84,384,94,2584,2288,10,150,126,0.12,540000,89,381,online,degraded,online,90.0,4872,1,0,0,0,1,0,1,0,0,152.3,77.55778490905989,2.9874499416361493,58.9,11.040380428227989,2.9075085055879852,65.9,6.347440429023345,2.851543106610135,2593.2,763.7213889894668,2.9838106315383413,0.03,0.030000000000000006,2.999999999999999,True,False,True,True,True,True,False,True,False,True,True,True,True,True,1
2023-10-03 16:30:00+00:00,70,70,205,68,1414,1522,6,176,61,0.05,549000,64,263,online,online,degraded,69.5,2936,1,0,0,1,0,0,0,1,0,158.2,79.33322128843628,0.5899167995441229,61.0,11.009087155618298,0.8175064719518552,67.0,6.260990336999421,0.4791574237499542,2623.0,775.1917182220153,0.4037710835171186,0.033,0.030347981810987044,0.5601690453710961,False,False,False,False,False,False,False,False,True,False,False,False,False,False,1
2023-10-03 19:00:00+00:00,98,89,367,91,2497,1967,13,156,129,0.12,558000,85,353,online,degraded,online,94.0,4464,1,0,0,0,1,0,1,0,0,157.4,74.11639494740687,2.827984282677706,61.0,13.145341380123977,2.8146853649571058,67.2,7.665507158694729,2.84390837405624,2552.0,672.5259846281041,2.8430128258275476,0.033,0.030347981810987044,2.866747467487374,True,False,True,True,True,True,False,True,False,True,True,True,True,True,1
2023-10-03 20:00:00+00:00,62,67,125,59,1229,1181,3,143,50,0.02,561600,62,238,offline,online,online,62.5,2410,0,0,1,1,0,0,1,0,0,159.8,73.02027115808322,-0.47657998865357143,61.7,12.977287852244004,0.023117311060347777,66.9,7.764663547121672,0.012878858097729668,2571.0,665.358549956338,-0.24197479691298038,0.033,0.030347981810987044,-0.4283645641073088,False,False,False,False,False,False,True,False,False,False,False,False,False,False,2
2023-10-03 23:30:00+00:00,58,68,127,57,1155,1210,3,151,52,0.02,574200,62,240,offline,online,online,60.25,2365,0,0,1,1,0,0,1,0,0,152.8,71.73116477515195,-0.3596763008222789,60.4,12.768711759609882,-0.18795944690299163,67.1,7.542545989253239,0.11932310406623209,2525.1,650.1508209638753,-0.24625055423700778,0.03,0.030000000000000006,-0.3333333333333332,False,False,False,False,False,False,True,False,False,False,False,False,False,False,2
2023-10-04 00:00:00+00:00,93,87,331,91,2820,2222,11,146,136,0.11,576000,89,384,online,degraded,online,91.0,5042,1,0,0,0,1,0,1,0,0,149.2,60.98983521866575,2.9808245808206526,59.9,11.299999999999986,2.9292035398230123,66.9,6.963476143421482,2.886489389209557,2582.9,822.7396246687044,2.988916452140268,0.028999999999999998,0.027000000000000007,2.9999999999999996,True,False,True,True,True,True,False,True,False,True,True,True,True,True,1
2023-10-04 03:00:00+00:00,58,63,124,58,1197,1073,3,143,52,0.02,586800,62,251,offline,online,online,59.25,2270,0,0,1,1,0,0,1,0,0,150.7,60.34078222893701,-0.44248680599960377,59.1,11.440716760762836,-0.09614782211658009,67.8,6.660330322138698,-0.7206849762458433,2551.0,833.4530580662602,-0.3371515615432061,0.028999999999999998,0.027000000000000007,-0.33333333333333315,False,False,False,False,False,False,True,False,False,False,False,False,False,False,2
2023-10-04 05:00:00+00:00,94,92,331,90,2730,1993,12,151,134,0.13,594000,82,376,online,degraded,online,92.5,4723,1,0,0,0,1,0,1,0,0,149.1,60.93841153164399,2.9849809902830056,58.5,11.96035116541315,2.968140275233609,67.8,8.292164976651161,2.918417574679431,2550.0,727.9097471527641,2.9852602036169182,0.031000000000000007,0.03300000000000001,2.9999999999999996,True,True,True,True,True,False,False,True,False,True,True,True,True,True,1
2023-10-04 06:30:00+00:00,59,67,121,57,1217,1166,3,147,48,0.02,599400,60,249,offline,online,online,60.5,2383,0,0,1,1,0,0,1,0,0,147.6,61.52918006929721,-0.43231520345373947,59.4,11.732007500849958,-0.0340947616996511,67.5,8.369587803470381,-0.05974009852584127,2558.2,724.005635337185,-0.2419870667421054,0.031000000000000007,0.03300000000000001,-0.3333333333333334,False,False,False,False,False,False,True,False,False,False,False,False,False,False,2
2023-10-04 07:30:00+00:00,71,71,187,73,1360,1522,4,189,61,0.05,603000,68,273,online,online,degraded,71.5,2882,1,0,0,1,0,0,0,1,0,153.6,62.1742712060222,0.5371997025799456,60.9,12.152777460317447,0.8310857359957101,67.7,8.497646733066759,0.3883428087400667,2643.6,714.3282438767213,0.33374012863635716,0.033999999999999996,0.033226495451672305,0.48154341234307696,False,False,False,False,False,False,False,False,True,False,False,False,False,False,1
2023-10-04 10:00:00+00:00,99,85,333,88,2822,2000,10,144,125,0.13,612000,82,362,online,degraded,online,92.75,4822,1,0,0,0,1,0,1,0,0,157.7,61.108182758121686,2.868682917537774,61.7,13.357020625873115,2.79253892351924,67.5,6.3285069329187085,2.7652652016498616,2640.4,750.4797398997531,2.9069405661655994,0.033999999999999996,0.033226495451672305,2.88926047405846,True,False,True,True,True,False,False,True,False,True,True,True,True,True,1
2023-10-04 13:30:00+00:00,58,68,113,60,1176,1000,3,156,49,0.02,624600,57,257,offline,online,online,61.0,2176,0,0,1,1,0,0,1,0,0,148.2,62.21382483017744,-0.5657906437368866,59.9,13.095419046368837,-0.14508890423990212,67.2,6.27375485654326,0.12751534261266698,2512.3,776.3366602190066,-0.4331883540127154,0.031,0.03300000000000001,-0.3333333333333332,False,False,False,False,False,False,True,False,False,False,False,False,False,False,2
2023-10-04 15:00:00+00:00,98,84,374,90,2591,1943,13,143,124,0.12,630000,82,381,online,degraded,online,92.5,4534,1,0,0,0,1,0,1,0,0,151.4,74.63805999622446,2.9823926293269163,59.4,12.970736293672758,2.9759297487860756,67.1,6.057227088363134,2.7900555408377388,2477.7,692.0167700280113,2.971459781121729,0.03,0.030000000000000006,2.999999999999999,True,False,True,True,True,False,False,True,False,True,True,True,True,True,1
2023-10-04 17:00:00+00:00,58,62,128,60,1238,1087,3,155,51,0.02,637200,62,247,offline,online,online,59.5,2325,0,0,1,1,0,0,1,0,0,150.7,74.7797432464167,-0.3035581430815855,59.9,12.848735346328825,-0.14787447548624866,66.8,6.177378084592211,-0.7770286898858095,2484.7,690.3603479343245,-0.2313284656018402,0.029999999999999992,0.030000000000000006,-0.333333333333333,False,False,False,False,False,False,True,False,False,False,False,False,False,False,2
2023-10-04 20:00:00+00:00,93,84,377,91,2854,2301,10,154,125,0.13,648000,81,374,online,degraded,online,90.25,5155,1,0,0,0,1,0,1,0,0,154.5,74.31722545951244,2.9939223191427753,59.3,11.375851616472486,2.962415574338334,65.9,6.236184731067553,2.9024156243847368,2599.1,857.5764047593668,2.9803758426832854,0.031,0.03300000000000001,2.9999999999999996,True,False,True,True,True,False,False,True,False,True,True,True,True,True,1
2023-10-04 20:30:00+00:00,60,66,129,63,1234,1044,3,151,51,0.02,649800,63,254,offline,online,online,62.25,2278,0,0,1,1,0,0,1,0,0,154.0,74.47012823944917,-0.33570507518955384,59.6,11.350770898930156,0.03523989723356145,66.2,6.161168720299753,-0.03246137365806019,2603.4,855.846037555822,-0.3802085722442526,0.031,0.03300000000000001,-0.3333333333333332,False,False,False,False,False,False,True,False,False,False,False,False,False,False,2
2023-10-04 22:30:00+00:00,68,73,189,73,1485,1382,5,184,61,0.05,657000,65,257,online,online,degraded,70.5,2867,1,0,0,1,0,0,0,1,0,160.0,74.58015821919395,0.3888433692345877,60.5,11.689739090330448,0.6415883145077097,67.2,6.462197768561416,0.8975274678557487,2593.9,878.2673226301895,0.3109531608008985,0.033999999999999996,0.033226495451672305,0.48154341234307696,False,False,False,False,False,False,False,False,True,False,False,False,False,False,1
2023-10-05 00:00:00+00:00,58,63,127,62,1281,1010,3,143,49,0.02,662400,60,250,offline,online,online,60.25,2291,0,0,1,1,0,0,1,0,0,157.9,75.39688322470633,-0.40983126461485586,60.9,11.51911454930455,-0.2517554615493499,67.3,6.388270501473787,-0.6731086291677815,2609.6,871.0415833931245,-0.36576898976384137,0.033999999999999996,0.033226495451672305,-0.42135048580019197,False,False,False,False,False,False,True,False,False,False,False,False,False,False,2
2023-10-05 01:00:00+00:00,95,91,346,90,2384,2015,14,144,129,0.12,666000,82,355,online,degraded,online,92.75,4399,1,0,0,0,1,0,1,0,0,154.6,66.51195381282979,2.8776782071177105,61.2,12.014990636700462,2.813152421172598,67.9,8.30000000000001,2.783132530120478,2536.0,651.8521304713222,2.8580101420439576,0.032999999999999995,0.030347981810987044,2.866747467487374,True,True,True,True,True,False,False,True,False,True,True,True,True,True,1
2023-10-05 03:30:00+00:00,62,66,137,62,1175,1047,3,144,50,0.02,675000,58,251,offline,online,online,63.0,2222,0,0,1,1,0,0,1,0,0,149.5,65.88968052737852,-0.18971104276042122,60.4,11.757550765359246,0.13608276348795456,67.7,7.963039620647391,-0.21348631690743664,2502.0,637.5379204408173,-0.4391895619422883,0.03,0.030000000000000006,-0.3333333333333332,False,False,False,False,False,False,True,False,False,False,False,False,False,False,2
2023-10-05 06:00:00+00:00,97,90,331,89,2825,2134,12,157,136,0.12,684000,84,386,online,degraded,online,93.25,4959,1,0,0,0,1,0,1,0,0,151.3,60.39544684825176,2.9753898576412583,60.2,12.472369462135083,2.950521960700512,68.0,7.549834435270761,2.913971185543092,2561.2,805.8844582196641,2.9753644899631744,0.029999999999999992,0.030000000000000006,2.999999999999999,True,True,True,True,True,False,False,True,False,True,True,True,True,True,1
2023-10-05 07:00:00+00:00,61,66,118,60,1274,1065,3,147,52,0.02,687600,63,248,offline,online,online,62.0,2339,0,0,1,1,0,0,1,0,0,150.6,60.56764813000422,-0.538241140386141,60.3,12.570202862324848,0.0556872476655113,67.9,7.529276193632438,-0.25234829366557826,2555.8,806.2856565758824,-0.26888733320731767,0.03,0.030000000000000006,-0.3333333333333332,False,False,False,False,False,False,True,False,False,False,False,False,False,False,2
2023-10-05 10:30:00+00:00,63,66,126,61,1146,994,3,150,49,0.02,700200,62,251,offline,online,online,63.25,2140,0,0,1,1,0,0,1,0,0,150.2,60.731869722576505,-0.39847283000746914,60.3,12.688971589533953,0.2127832016132026,67.6,7.578918128598576,-0.2111119255877028,2540.6,809.1322759598714,-0.4950982823232076,0.03,0.030000000000000006,-0.3333333333333332,False,False,False,False,False,False,True,False,False,False,False,False,False,False,2
2023-10-05 11:00:00+00:00,94,89,345,96,2602,2168,10,151,134,0.11,702000,82,381,online,degraded,online,93.25,4770,1,0,0,0,1,0,1,0,0,151.6,64.90177193266763,2.9798878249524976,60.0,11.823705003085953,2.875579185299878,67.5,7.2835430938520656,2.9518600663113865,2521.7,752.65822921164,2.9871459750794815,0.028999999999999998,0.027000000000000007,2.9999999999999996,True,False,True,True,True,False,False,True,False,True,True,True,True,True,1
2023-10-05 13:30:00+00:00,70,73,188,70,1622,1472,5,176,61,0.05,711000,68,273,online,online,degraded,70.75,3094,1,0,0,1,0,0,0,1,0,156.1,65.73347701133726,0.485293056907641,60.2,12.49639948145064,0.7842258895889881,68.1,7.4759614766262805,0.6554340890225208,2603.6,766.332199506194,0.6399313513330146,0.032,0.027495454169735048,0.6546536707079771,False,False,False,False,False,False,False,False,True,False,False,False,False,False,1
2023-10-05 14:00:00+00:00,62,66,129,58,1143,1118,3,151,48,0.02,712800,58,243,offline,online,online,62.0,2261,0,0,1,1,0,0,1,0,0,155.2,66.03605076017193,-0.39675298111258184,61.1,12.267436570041838,0.07336496054912385,68.1,7.4759614766262805,-0.28090032386679353,2601.3,767.3218425146003,-0.44349056829243727,0.032,0.027495454169735048,-0.43643578047198467,False,False,False,False,False,False,True,False,False,False,False,False,False,False,2
2023-10-05 16:00:00+00:00,95,85,325,87,2662,1932,14,154,125,0.11,720000,82,373,online,degraded,online,90.5,4594,1,0,0,0,1,0,1,0,0,153.6,60.18670949636642,2.8478047966777074,60.5,12.619429464123955,2.733879538538631,68.0,6.356099432828295,2.674596295992093,2570.1,722.5314456824709,2.8011237602099306,0.031999999999999994,0.027495454169735048,2.8368325730679005,True,False,True,True,True,False,False,True,False,True,True,True,True,True,1
2023-10-05 17:30:00+00:00,59,62,124,58,1094,1208,3,145,52,0.02,725400,62,239,offline,online,online,59.5,2302,0,0,1,1,0,0,1,0,0,153.2,60.20764071112573,-0.4849882781506192,61.4,12.249081598226043,-0.19593305675648168,67.7,6.512296062065989,-0.8752673320862059,2583.1,716.553340652321,-0.39229459141743434,0.032,0.027495454169735048,-0.43643578047198467,False,False,False,False,False,False,True,False,False,False,False,False,False,False,2
2023-10-05 21:00:00+00:00,93,86,347,97,2502,1943,12,151,129,0.13,738000,85,386,online,degraded,online,92.25,4445,1,0,0,0,1,0,1,0,0,150.7,65.78761281578778,2.9838443986356613,59.2,11.39122469271851,2.9671963210071355,66.9,6.624952830020767,2.8830393951559836,2513.7,647.932102924374,2.9807135520578143,0.030999999999999993,0.03300000000000001,2.9999999999999996,True,False,True,True,True,True,False,True,False,True,True,True,True,True,1
2023-10-06 00:30:00+00:00,62,65,128,59,1312,1021,3,155,48,0.02,750600,58,251,offline,online,online,62.0,2333,0,0,1,1,0,0,1,0,0,149.0,66.32344984995883,-0.31663009158159816,59.6,11.43853137426304,0.20981714535487084,67.8,6.321392251711661,-0.4429403980178312,2533.0,644.0521717997708,-0.3105338492083805,0.030999999999999993,0.03300000000000001,-0.33333333333333304,False,False,False,False,False,False,True,False,False,False,False,False,False,False,2
2023-10-06 02:00:00+00:00,94,91,355,92,2763,2042,13,144,130,0.12,756000,88,355,online,degraded,online,92.75,4805,1,0,0,0,1,0,1,0,0,149.7,68.70669545248123,2.988063952835414,59.8,11.728597529116595,2.9159496619350675,68.2,7.782030583337502,2.9298265736475293,2551.1,757.0289888769131,2.977296818373842,0.03,0.030000000000000006,2.999999999999999,True,True,True,True,True,True,False,True,False,True,True,True,True,True,2
2023-10-06 04:00:00+00:00,59,66,136,59,1083,1206,4,146,50,0.02,763200,58,255,offline,online,online,60.75,2289,0,0,1,1,0,0,1,0,0,146.9,69.5520668276652,-0.15671712570393947,60.1,11.622822376686305,-0.09464138436860584,67.7,7.925276020429838,-0.2145035700482519,2531.4,760.3553379834992,-0.31879831427613453,0.029999999999999992,0.030000000000000006,-0.333333333333333,False,False,False,False,False,False,True,False,False,False,False,False,False,False,2
2023-10-06 04:30:00+00:00,73,71,200,67,1398,1400,5,185,58,0.05,765000,63,283,online,online,degraded,71.0,2798,1,0,0,1,0,0,0,1,0,154.5,70.77605527295233,0.6428727883254637,61.7,12.174152947946721,0.9281959942770263,68.2,7.959899496852972,0.3517632353407233,2600.2,750.1710205013262,0.263673208634231,0.033,0.030347981810987038,0.5601690453710962,False,False,False,False,False,False,False,False,True,False,False,False,False,False,1
2023-10-06 07:00:00+00:00,95,92,344,95,2384,2178,10,155,124,0.13,774000,89,352,online,degraded,online,94.25,4562,1,0,0,0,1,0,1,0,0,153.2,67.80530952661455,2.8139389279700624,61.5,12.395563722558158,2.7025797898190604,67.6,8.464041587799544,2.8827835670338953,2562.6,691.4498101814776,2.8916053928415115,0.033999999999999996,0.0332264954516723,2.889260474058461,True,True,True,True,True,True,False,True,False,True,True,True,True,True,2
2023-10-06 07:30:00+00:00,61,68,120,62,1142,1179,2,145,50,0.02,775800,63,240,offline,online,online,63.0,2321,0,0,1,1,0,0,1,0,0,153.4,67.70406191654978,-0.49332342926733047,62.3,12.075181158061348,-0.10765884030916768,68.0,8.378544026261379,0.0,2566.2,690.0875016981552,-0.35531725961797017,0.033999999999999996,0.0332264954516723,-0.4213504858001921,False,False,False,False,False,False,True,False,False,False,False,False,False,False,2
2023-10-06 11:00:00+00:00,58,65,136,58,1191,994,3,156,50,0.02,788400,63,239,offline,online,online,59.75,2185,0,0,1,1,0,0,1,0,0,149.8,65.17177303096798,-0.2117481136111273,59.4,12.117755567760886,-0.11553294602877437,67.4,8.428523002282205,-0.2847473987257499,2510.1,691.8886398836171,-0.4698733022335576,0.031,0.033,-0.3333333333333333,False,False,False,False,False,False,True,False,False,False,False,False,False,False,2
2023-10-06 12:00:00+00:00,92,89,324,91,2531,1954,12,145,128,0.12,792000,82,361,online,degraded,online,91.0,4485,1,0,0,0,1,0,1,0,0,148.3,59.10169202315621,2.9728421299877543,59.1,11.237882362794158,2.9275978282993727,67.1,7.555792479945451,2.8984385235733887,2514.8,666.6187516114451,2.9555124203112406,0.03,0.030000000000000002,2.9999999999999996,True,False,True,True,True,False,False,True,False,True,True,True,True,True,1
2023-10-06 14:30:00+00:00,60,67,128,63,1230,1170,3,148,52,0.02,801000,61,255,offline,online,online,62.5,2400,0,0,1,1,0,0,1,0,0,148.9,58.64887040685444,-0.3563580995680587,59.6,11.001818031580054,0.036357627335029785,66.8,7.6262703859750625,0.026225138878869122,2499.3,669.3679182631937,-0.148348908411466,0.03,0.030000000000000002,-0.33333333333333326,False,False,False,False,False,False,True,False,False,False,False,False,False,False,2
2023-10-06 17:00:00+00:00,94,89,320,92,2649,2133,10,143,134,0.13,810000,87,361,online,degraded,online,92.25,4782,1,0,0,0,1,0,1,0,0,150.5,56.77367347635703,2.9855387122446286,59.6,11.603447763488228,2.9646360893047765,67.7,7.3082145562374015,2.9145285536014964,2568.8,743.4215224218366,2.9770459063252313,0.031,0.033,3.0,True,False,True,True,True,True,False,True,False,True,True,True,True,True,1
2023-10-06 18:00:00+00:00,63,66,135,58,1106,1037,3,157,51,0.02,813600,58,259,offline,online,online,62.5,2143,0,0,1,1,0,0,1,0,0,151.9,56.34793696312231,-0.29992224934624395,60.4,11.516944039110374,0.2257543312853362,67.6,7.269112738154515,-0.22010939403949908,2553.6,748.0791669335547,-0.5488723896470571,0.030999999999999993,0.033,-0.3333333333333331,False,False,False,False,False,False,True,False,False,False,False,False,False,False,2
2023-10-06 19:30:00+00:00,72,67,217,68,1627,1428,5,178,61,0.05,819000,66,277,online,online,degraded,69.75,3055,1,0,0,1,0,0,0,1,0,158.8,59.9896657766986,0.9701670987239646,61.7,11.958678856796846,0.8612991554786906,67.6,7.310266752998843,-0.08207634827468645,2634.8,754.0723837934929,0.5572409347311067,0.033999999999999996,0.0332264954516723,0.481543412343077,False,False,False,False,False,False,False,False,True,False,False,False,False,False,1
2023-10-06 21:30:00+00:00,59,63,126,60,1262,1006,3,155,52,0.02,826200,60,249,offline,online,online,60.25,2268,0,0,1,1,0,0,1,0,0,157.7,60.58886036228114,-0.523198485834773,61.8,11.981652640600124,-0.23369063383728286,67.0,7.536577472566727,-0.5307448924342739,2651.0,748.1962309447975,-0.5118977938666708,0.034,0.0332264954516723,-0.4213504858001923,False,False,False,False,False,False,True,False,False,False,False,False,False,False,2
2023-10-06 22:00:00+00:00,98,90,319,90,2506,1975,14,157,127,0.13,828000,84,378,online,degraded,online,94.0,4481,1,0,0,0,1,0,1,0,0,157.6,60.32114057277102,2.6756788493627393,62.2,13.067516979135705,2.7396176379307704,67.1,7.828793010419952,2.925099688996836,2620.9,663.0727637295932,2.8052728173262214,0.033999999999999996,0.0332264954516723,2.889260474058461,True,True,True,True,True,False,False,True,False,True,True,True,True,True,1
2023-10-07 01:00:00+00:00,59,68,133,58,1086,1100,3,148,52,0.02,838800,60,243,offline,online,online,61.0,2186,0,0,1,1,0,0,1,0,0,151.1,56.50212385388717,-0.32034194054025406,59.9,12.895347998406244,-0.06979261049110354,67.1,7.892401408950275,0.11403373363389405,2523.5,660.2337843521804,-0.5111825659317845,0.031,0.033,-0.3333333333333333,False,False,False,False,False,False,True,False,False,False,False,False,False,False,2
2023-10-07 03:00:00+00:00,98,89,350,95,2521,2141,10,145,131,0.13,846000,85,359,online,degraded,online,95.0,4662,1,0,0,0,1,0,1,0,0,155.6,65.14783189024791,2.9839826492998007,59.9,12.85651585772755,2.9634778521351555,67.3,7.497332859090643,2.894362623061131,2502.4,723.3526387592718,2.98554243709437,0.030999999999999993,0.033,3.0,True,False,True,True,True,True,False,True,False,True,True,True,True,True,1
2023-10-07 04:30:00+00:00,62,62,124,58,1138,1197,3,144,49,0.02,851400,62,255,offline,online,online,61.0,2335,0,0,1,1,0,0,1,0,0,153.9,65.60556378844711,-0.4557540286737888,60.8,12.679116688476368,0.09464381703266785,67.1,7.647875521999574,-0.6668518577910346,2513.8,719.3557951389573,-0.24855572334057802,0.031,0.033,-0.3333333333333333,False,False,False,False,False,False,True,False,False,False,False,False,False,False,2
2023-10-07 08:00:00+00:00,91,87,327,90,2682,2007,14,151,130,0.13,864000,87,381,online,degraded,online,89.75,4689,1,0,0,0,1,0,1,0,0,147.9,59.96907536389073,2.9865392940148907,58.9,11.013173929435595,2.9146910968330695,67.3,6.768308503607107,2.9106238271351064,2502.9,738.8369847266728,2.9588394262757856,0.030999999999999993,0.033,3.0,True,False,True,True,True,True,False,True,False,True,True,True,True,True,1
2023-10-07 10:30:00+00:00,72,70,192,67,1384,1284,5,173,60,0.05,873000,65,275,online,online,degraded,70.25,2668,1,0,0,1,0,0,0,1,0,156.1,60.2452487753184,0.5958976139991924,60.5,11.360017605620158,1.0123223747743655,67.5,6.844705983459062,0.36524578353570014,2529.1,736.5926214672542,0.18857099019444223,0.033999999999999996,0.0332264954516723,0.481543412343077,False,False,False,False,False,False,False,False,True,False,False,False,False,False,1
2023-10-07 11:30:00+00:00,62,62,124,58,1266,1016,3,154,48,0.02,876600,61,245,offline,online,online,61.0,2282,0,0,1,1,0,0,1,0,0,155.5,60.538004592156845,-0.5203342959883593,61.3,11.153923076657826,0.0627581878760591,67.0,7.05691150575096,-0.7085252515814177,2522.7,736.5178952340544,-0.326808081049421,0.033999999999999996,0.0332264954516723,-0.4213504858001921,False,False,False,False,False,False,True,False,False,False,False,False,False,False,2
2023-10-07 13:00:00+00:00,93,92,342,95,2654,2035,13,155,133,0.13,882000,88,377,online,degraded,online,93.25,4689,1,0,0,0,1,0,1,0,0,159.3,63.798197466699655,2.8637172718768857,61.8,11.52215257666726,2.7078273605906795,67.4,8.511169132381303,2.890319721929585,2543.4,728.6273670402462,2.9447150862801537,0.033999999999999996,0.0332264954516723,2.889260474058461,True,True,True,True,True,True,False,True,False,True,True,True,True,True,2
2023-10-07 15:00:00+00:00,72,78,207,77,1631,1586,6,167,72,0.04,889200,72,289,online,degraded,degraded,74.75,3217,1,0,0,0,1,0,0,1,0,165.4,65.22606840826757,0.637781810481269,63.2,11.84736257569591,0.7427813527082072,68.4,9.14549069213896,1.0496976404176661,2620.6,756.5989955055461,0.7882643296420135,0.036,0.03292415526630866,0.12149134784615749,False,False,False,False,False,False,False,True,True,False,False,False,False,False,1
2023-10-07 15:30:00+00:00,78,76,217,76,1538,1459,6,167,71,0.04,891000,72,292,online,degraded,degraded,77.0,2997,1,0,0,0,1,0,0,1,0,167.9,66.66100809318743,0.7365625183969859,63.8,12.416118556135006,1.143674646452498,69.0,9.423375191511818,0.7428336299615139,2653.5,765.0507499506168,0.44898982194602455,0.034999999999999996,0.03263433774416144,0.15321285325897405,False,False,False,False,False,False,False,True,True,False,False,False,False,False,1
2023-10-07 16:00:00+00:00,73,71,214,72,1705,1438,6,161,72,0.04,892800,72,286,online,degraded,degraded,72.25,3143,1,0,0,0,1,0,0,1,0,176.7,66.35668768104686,0.5621136512914557,65.6,12.31421942308972,0.6009313092249007,69.6,9.340235543068514,0.14988915360265836,2752.8,757.6621674598783,0.5150052579610459,0.03699999999999999,0.03226453160980336,0.09298135910606184,False,False,False,False,False,False,False,True,True,False,False,False,False,False,1
2023-10-07 16:30:00+00:00,79,71,228,75,1482,1405,6,155,73,0.04,894600,72,290,online,degraded,degraded,76.0,2887,1,0,0,0,1,0,0,1,0,187.1,65.42545376227812,0.6251389581279667,67.3,12.861181905252728,0.9097142149293077,70.5,8.991662805065614,0.05560706744010864,2813.3,741.6383282975606,0.0993745835239921,0.039,0.03176476034853718,0.03148142750102796,False,False,False,False,False,False,False,True,True,False,False,False,False,False,1
2023-10-07 17:00:00+00:00,75,73,206,78,1538,1497,7,161,67,0.04,896400,70,281,online,degraded,degraded,75.25,3035,1,0,0,0,1,0,0,1,0,193.9,63.47353779331975,0.19063062215626894,69.2,12.448293055676361,0.4659273342986752,71.4,8.742997197757784,0.1830036043486698,2902.8,708.2365141674072,0.18666080801469584,0.040999999999999995,0.03112876483254676,-0.032124628310161586,False,False,False,False,False,False,False,True,True,False,False,False,False,False,1
2023-10-07 17:30:00+00:00,76,77,201,72,1656,1475,7,155,67,0.04,898200,69,270,online,degraded,degraded,75.25,3131,1,0,0,0,1,0,0,1,0,200.7,60.13992018617906,0.004988367112415212,71.2,11.754148203932111,0.4083664691580335,72.6,8.60464990571961,0.5113514260557277,2979.9,686.5849474027227,0.22007473448346782,0.043,0.03034798181098703,-0.09885336094784039,False,False,False,False,False,False,False,True,True,False,False,False,False,False,1
2023-10-07 18:00:00+00:00,94,91,319,89,2361,2090,13,157,130,0.13,900000,84,372,online,degraded,online,92.0,4451,1,0,0,0,1,0,1,0,0,198.4,54.90391607162452,2.196564628334928,71.3,11.941942890501549,1.900863218668987,72.5,8.381527307120134,2.207234949205999,2956.1,628.6045577308516,2.3781246597961645,0.043,0.03034798181098703,2.8667474674873756,True,True,True,True,True,False,False,True,False,False,False,False,False,True,1
2023-10-07 18:30:00+00:00,61,65,133,57,1252,1022,3,156,52,0.02,901800,60,239,offline,online,online,61.0,2274,0,0,1,1,0,0,1,0,0,197.4,55.98428350885621,-1.150322839977268,71.8,11.382442620105781,-0.948829733692049,72.6,8.284926070883222,-0.9173286442120044,2963.3,620.2831692058069,-1.1112666508145956,0.043,0.03034798181098703,-0.7578757672667773,False,False,False,False,False,False,True,False,False,False,False,False,False,False,2
2023-10-07 22:00:00+00:00,59,64,116,62,1222,1132,3,147,52,0.02,914400,62,240,offline,online,online,61.0,2354,0,0,1,1,0,0,1,0,0,155.4,58.95455877198983,-0.6683113370822058,61.6,12.705904139414846,-0.2046292787566821,69.4,8.089499366462704,-0.6675320381860991,2605.2,664.6729722201751,-0.37793021605937815,0.032999999999999995,0.032878564445547195,-0.3953943920371076,False,False,False,False,False,False,True,False,False,False,False,False,False,False,2
2023-10-07 23:00:00+00:00,96,87,319,93,2606,2173,10,143,130,0.12,918000,82,357,online,degraded,online,93.0,4779,1,0,0,0,1,0,1,0,0,148.3,57.28708405914902,2.979729249681341,59.6,12.483589227461751,2.915828079309615,67.5,6.771262806892115,2.879817333356485,2535.8,752.1911725086928,2.9822205869799356,0.029999999999999992,0.030000000000000006,2.999999999999999,True,False,True,True,True,False,False,True,False,True,True,True,True,True,1
2023-10-08 01:30:00+00:00,67,71,217,68,1358,1443,5,188,61,0.05,927000,66,273,online,online,degraded,68.25,2801,1,0,0,1,0,0,0,1,0,160.1,59.007541890846475,0.9642835165927595,60.7,12.41007655093228,0.5076519853962322,67.7,6.841783393238964,0.4823303823475397,2596.6,748.6411957673728,0.2730279887823777,0.032999999999999995,0.030347981810987038,0.5601690453710965,False,False,False,False,False,False,False,False,True,False,False,False,False,False,1
2023-10-08 04:00:00+00:00,96,92,336,92,2778,2115,13,149,129,0.13,936000,83,368,online,degraded,online,94.0,4893,1,0,0,0,1,0,1,0,0,162.3,63.371996970270715,2.7409582829066714,60.8,12.335315156087388,2.8535955145523024,69.0,7.962411694957779,2.8885720659941283,2647.8,765.8016453364419,2.931829689414691,0.033999999999999996,0.0332264954516723,2.889260474058461,True,True,True,True,True,False,False,True,False,True,True,True,True,True,1
2023-10-08 05:00:00+00:00,61,62,115,61,1180,1085,3,147,48,0.02,939600,61,241,offline,online,online,61.25,2265,0,0,1,1,0,0,1,0,0,159.9,64.65361552148497,-0.694470056126704,61.2,12.270289320142345,-0.01629953416597048,68.3,8.331266410336452,-0.756187557774374,2630.4,772.6861199736938,-0.4728957730112198,0.03399999999999999,0.0332264954516723,-0.42135048580019185,False,False,False,False,False,False,True,False,False,False,False,False,False,False,2
2023-10-08 08:30:00+00:00,57,67,135,62,1137,1061,4,144,49,0.02,952200,59,246,offline,online,online,60.75,2198,0,0,1,1,0,0,1,0,0,150.8,62.37114717559717,-0.2533222606202406,59.4,12.435433245367816,-0.19299689465133799,67.1,8.466994744299802,-0.011810565970566697,2591.9,770.6004736567463,-0.5111598207704419,0.030999999999999993,0.033,-0.3333333333333331,False,False,False,False,False,False,True,False,False,False,False,False,False,False,2
2023-10-08 09:00:00+00:00,92,90,345,89,2854,2092,11,144,129,0.13,954000,85,361,online,degraded,online,90.75,4946,1,0,0,0,1,0,1,0,0,151.7,65.04467695361399,2.971803521106733,59.0,11.260550608207359,2.9305849374672355,66.9,7.879720807236795,2.9315759485773634,2597.2,786.4283565589441,2.9866674826900828,0.030999999999999993,0.033,3.0,True,True,True,True,True,True,False,True,False,True,True,True,True,True,2
2023-10-08 12:00:00+00:00,60,66,119,63,1106,1099,3,157,48,0.02,964800,59,248,offline,online,online,62.25,2205,0,0,1,1,0,0,1,0,0,155.2,63.505590305106224,-0.570028556951927,59.6,10.992724866929,0.03638770230694814,68.0,7.536577472566737,-0.2653724462171366,2541.2,806.1020779032901,-0.41706876736315085,0.030999999999999993,0.033,-0.3333333333333331,False,False,False,False,False,False,True,False,False,False,False,False,False,False,2
2023-10-08 14:00:00+00:00,95,84,382,94,2516,2204,11,155,127,0.11,972000,81,388,online,degraded,online,92.0,4720,1,0,0,0,1,0,1,0,0,157.9,75.11384692584984,2.9834712129871988,59.8,11.881077392223284,2.962694277460059,67.0,6.000000000000039,2.833333333333315,2533.4,737.0777706592447,2.966579765449035,0.02899999999999999,0.027000000000000003,3.0000000000000004,True,False,True,True,True,False,False,True,False,True,True,True,True,True,1
2023-10-08 15:00:00+00:00,71,74,222,75,1714,1364,5,167,72,0.04,975600,68,292,online,degraded,degraded,72.75,3078,1,0,0,0,1,0,0,1,0,165.9,77.2404686676615,0.7263032056599567,61.8,12.014990636700444,0.7657101264730162,68.2,6.144916598294924,0.9438696046109668,2610.7,747.2296902559491,0.6253766493672589,0.030999999999999993,0.027000000000000003,0.3333333333333336,False,False,False,False,False,False,False,True,True,False,False,False,False,False,1
2023-10-08 15:30:00+00:00,74,76,209,76,1621,1426,5,163,72,0.04,977400,68,285,online,degraded,degraded,75.0,3047,1,0,0,0,1,0,0,1,0,173.1,77.56603638191136,0.4628314359552862,63.6,12.354756169184379,0.8417810807096303,69.0,6.572670690062028,1.0650160840378173,2684.0,750.4745165560262,0.4836939722694774,0.032999999999999995,0.026851443164195108,0.26069362295335075,False,False,False,False,False,False,False,True,True,False,False,False,False,False,1
2023-10-08 16:00:00+00:00,74,74,230,77,1444,1483,6,166,70,0.04,979200,68,279,online,degraded,degraded,74.75,2927,1,0,0,0,1,0,0,1,0,182.4,78.25241210339776,0.6082879584223472,65.4,12.427389106324773,0.6920198544055506,69.8,6.645299090334495,0.6320257287002854,2742.9,744.0941405494341,0.2474149304066038,0.03499999999999999,0.02655183609470351,0.18831089428867775,False,False,False,False,False,False,False,True,True,False,False,False,False,False,1
2023-10-08 16:30:00+00:00,77,72,225,73,1710,1351,6,156,71,0.04,981000,69,294,online,degraded,degraded,74.75,3061,1,0,0,0,1,0,0,1,0,191.2,77.59742263761078,0.43558147746543135,67.3,12.601983970788082,0.7697200712590179,70.8,6.128621378417863,0.1958025999494505,2830.2,724.8325047899001,0.3184183911107848,0.037,0.02609597670139978,0.1149602497859022,False,False,False,False,False,False,False,True,True,False,False,False,False,False,1
2023-10-08 17:00:00+00:00,71,72,239,78,1722,1451,5,161,71,0.04,982800,73,293,online,degraded,degraded,73.0,3173,1,0,0,0,1,0,0,1,0,203.2,74.72991368923147,0.47905849522155636,68.4,12.395160345876926,0.20975928729028886,71.4,5.9194594347795375,0.10136060675992123,2927.0,699.0533599089557,0.3519044669666403,0.03899999999999999,0.025475478405713993,0.03925343359894329,False,False,False,False,False,False,False,True,True,False,False,False,False,False,1
2023-10-08 17:30:00+00:00,78,75,219,73,1751,1561,5,158,70,0.04,984600,71,280,online,degraded,degraded,76.0,3312,1,0,0,0,1,0,0,1,0,213.3,69.14918654619142,0.08243047076471982,70.6,11.943198901466891,0.6195994943273633,72.5,5.445181356024838,0.4591215308621204,3042.0,657.0773166074135,0.4109105476263426,0.040999999999999995,0.024677925358506134,-0.04052204492365514,False,False,False,False,False,False,False,True,True,False,False,False,False,False,1
2023-10-08 19:00:00+00:00,96,91,318,91,2434,2299,12,155,136,0.13,990000,87,370,online,degraded,online,93.5,4733,1,0,0,0,1,0,1,0,0,205.5,56.4822981118862,1.9917744808674023,71.2,11.478675881825394,2.160527943755842,72.8,7.49399759807811,2.428610332710478,3020.5,684.2346454250905,2.502796389294326,0.043,0.030347981810987038,2.8667474674873747,True,True,True,True,True,True,False,True,False,False,False,False,True,True,2
2023-10-08 22:30:00+00:00,60,62,126,59,1082,1119,3,151,52,0.02,1002600,59,261,offline,online,online,60.25,2201,0,0,1,1,0,0,1,0,0,148.8,56.723540086986816,-0.40194952510079063,59.9,12.202049008260808,0.008195344891034387,68.1,7.879720807236812,-0.7741391033039768,2517.5,743.9282559494577,-0.4254442514702694,0.031,0.03300000000000001,-0.3333333333333332,False,False,False,False,False,False,True,False,False,False,False,False,False,False,2
2023-10-09 00:00:00+00:00,96,87,340,88,2373,2233,14,156,126,0.13,1008000,85,388,online,degraded,online,91.75,4606,1,0,0,0,1,0,1,0,0,149.5,63.89718303650012,2.981352087011102,59.3,12.426182036329523,2.9534413621740683,67.9,6.609841147864354,2.8896307146762856,2508.9,705.866198369069,2.9709596589912226,0.030999999999999993,0.03300000000000001,2.9999999999999996,True,False,True,True,True,True,False,True,False,True,True,True,True,True,1
2023-10-09 02:00:00+00:00,60,67,122,61,1241,1048,3,150,50,0.02,1015200,61,245,offline,online,online,62.0,2289,0,0,1,1,0,0,1,0,0,146.8,64.68508328818939,-0.3833959661071991,59.2,12.592060990957696,0.06353209379897966,66.6,7.059745037889175,0.05665926996700769,2514.0,702.0683727387254,-0.32048160654536945,0.030999999999999993,0.03300000000000001,-0.33333333333333304,False,False,False,False,False,False,True,False,False,False,False,False,False,False,2
2023-10-09 05:00:00+00:00,93,89,361,91,2448,1925,12,152,130,0.11,1026000,81,369,online,degraded,online,91.5,4373,1,0,0,0,1,0,1,0,0,149.9,70.71838516255868,2.985079474237844,59.3,11.454693361238375,2.942025503191355,67.8,7.345747068882836,2.8860236816218294,2477.4,634.3357470614457,2.9883228381521127,0.02899999999999999,0.027000000000000014,2.999999999999999,True,False,True,True,True,False,False,True,False,True,True,True,True,True,1
2023-10-09 05:30:00+00:00,60,63,116,61,1220,1163,3,153,49,0.02,1027800,62,258,offline,online,online,61.0,2383,0,0,1,1,0,0,1,0,0,149.5,70.89746116751994,-0.47251339396829156,59.8,11.364858116140233,0.0175981079531442,67.9,7.272551134230736,-0.6737663179756123,2486.4,632.2907875337124,-0.16353235257992277,0.02899999999999999,0.027000000000000014,-0.3333333333333328,False,False,False,False,False,False,True,False,False,False,False,False,False,False,2
2023-10-09 07:30:00+00:00,69,68,214,70,1412,1499,4,188,59,0.05,1035000,63,260,online,online,degraded,69.0,2911,1,0,0,1,0,0,0,1,0,156.9,73.37226996624813,0.7782231628688397,60.8,11.608617488745104,0.7063717973264383,68.4,7.088018058667794,-0.05643326479831041,2564.3,635.2610565743834,0.5457598831408995,0.031999999999999994,0.02749545416973505,0.6546536707079772,False,False,False,False,False,False,False,False,True,False,False,False,False,False,1
2023-10-09 09:00:00+00:00,62,65,124,63,1140,1089,2,153,50,0.02,1040400,60,249,offline,online,online,63.0,2229,0,0,1,1,0,0,1,0,0,156.3,73.65059402340212,-0.4385572231737444,61.1,11.614215427655832,0.07749124386455875,68.2,7.138627319029952,-0.4482654517444177,2577.4,629.5033280293297,-0.5534521971324153,0.031999999999999994,0.02749545416973505,-0.43643578047198434,False,False,False,False,False,False,True,False,False,False,False,False,False,False,2
2023-10-09 10:00:00+00:00,90,90,377,94,2383,2209,13,146,125,0.12,1044000,81,378,online,degraded,online,91.0,4592,1,0,0,0,1,0,1,0,0,158.4,77.88350274608864,2.806756145941038,61.1,10.643777524920312,2.7152014341089274,68.3,7.4303431953040215,2.920457296469752,2605.8,689.899673865702,2.8789693273382237,0.032999999999999995,0.030347981810987044,2.866747467487374,True,True,True,True,True,False,False,True,False,True,True,True,True,True,1
2023-10-09 12:30:00+00:00,59,64,137,63,1147,1113,3,148,52,0.02,1053000,59,245,offline,online,online,61.25,2260,0,0,1,1,0,0,1,0,0,152.9,74.91655357796431,-0.21223613795118274,59.9,10.319399207318156,-0.08721437962800685,67.6,7.748548251124258,-0.46460315962769677,2582.1,672.7552972663998,-0.47877735234309676,0.029999999999999992,0.030000000000000013,-0.3333333333333329,False,False,False,False,False,False,True,False,False,False,False,False,False,False,2
2023-10-09 15:00:00+00:00,94,85,353,95,2660,2242,13,155,125,0.13,1062000,89,382,online,degraded,online,92.0,4902,1,0,0,0,1,0,1,0,0,154.0,66.52067347825034,2.991551191451259,59.1,11.819052415485707,2.95285939795587,66.4,6.529931086925865,2.848422097017325,2580.4,777.961335800181,2.9842100026887475,0.030999999999999993,0.033000000000000015,2.9999999999999987,True,False,True,True,True,True,False,True,False,True,True,True,True,True,1
2023-10-09 16:00:00+00:00,57,63,123,57,1166,1136,3,148,48,0.02,1065600,59,238,offline,online,online,58.5,2302,0,0,1,1,0,0,1,0,0,154.1,66.50932265479778,-0.4676036194417104,59.5,11.672617529928692,-0.21417646843906077,66.4,6.514598989960995,-0.5219047258686851,2570.6,780.8108861946035,-0.3440013513503397,0.030999999999999993,0.033000000000000015,-0.3333333333333329,False,False,False,False,False,False,True,False,False,False,False,False,False,False,2
2023-10-09 19:30:00+00:00,59,63,125,63,1207,1033,3,145,52,0.02,1078200,57,247,offline,online,online,61.0,2240,0,0,1,1,0,0,1,0,0,153.2,66.98328149620619,-0.42100057462244794,59.4,11.73200750084991,-0.03409476169965124,66.6,6.468384651518555,-0.5565531726927894,2524.9,796.4523149567726,-0.3577113088251404,0.030999999999999993,0.033000000000000015,-0.3333333333333329,False,False,False,False,False,False,True,False,False,False,False,False,False,False,2
2023-10-09 20:00:00+00:00,95,91,363,96,2535,2060,13,156,124,0.11,1080000,83,372,online,degraded,online,94.25,4595,1,0,0,0,1,0,1,0,0,154.2,69.96684929307591,2.9842704382097045,59.5,12.027052839328451,2.9516790583903507,67.2,8.195120499419197,2.904167181152095,2494.2,704.8863454486846,2.9803386227644517,0.02899999999999999,0.02700000000000002,2.9999999999999982,True,True,True,True,True,False,False,True,False,True,True,True,True,True,1
2023-10-09 22:30:00+00:00,68,67,215,68,1362,1301,6,181,59,0.05,1089000,67,262,online,online,degraded,67.75,2663,1,0,0,1,0,0,0,1,0,165.0,70.44430424101012,0.7097805924654419,61.0,11.991663771136963,0.5837388483863662,68.3,7.798076685952804,-0.16670777325667674,2541.3,697.1694270405167,0.174563019087937,0.031999999999999994,0.027495454169735055,0.6546536707079771,False,False,False,False,False,False,False,False,True,False,False,False,False,False,1
2023-10-09 23:00:00+00:00,62,64,129,61,1118,1208,3,146,52,0.02,1090800,57,242,offline,online,online,62.25,2326,0,0,1,1,0,0,1,0,0,164.9,70.49460972301354,-0.5092587949781947,61.8,11.76265276202604,0.017002967276707585,68.1,7.879720807236808,-0.52032300386005,2556.0,690.8968085032686,-0.33290065487241555,0.031999999999999994,0.027495454169735055,-0.4364357804719843,False,False,False,False,False,False,True,False,False,False,False,False,False,False,2
2023-10-10 01:00:00+00:00,97,88,336,96,2821,2212,11,156,125,0.13,1098000,87,368,online,degraded,online,94.5,5033,1,0,0,0,1,0,1,0,0,160.0,63.97968427555731,2.7508732184731763,61.5,12.547908192204737,2.8291568169150314,67.9,7.034912934784677,2.857178217602946,2593.4,824.6024739230427,2.958516469631256,0.033999999999999996,0.03322649545167231,2.8892604740584598,True,False,True,True,True,True,False,True,False,True,True,True,True,True,1
2023-10-10 02:30:00+00:00,60,67,133,61,1204,1158,3,156,50,0.02,1103400,57,251,offline,online,online,62.0,2362,0,0,1,1,0,0,1,0,0,157.8,64.99969230696402,-0.3815402676505125,61.3,12.728314892396352,-0.10213449392084037,67.4,7.158212067269369,-0.05587987562271161,2617.3,815.0663837995053,-0.3132260206952669,0.033999999999999996,0.03322649545167231,-0.4213504858001919,False,False,False,False,False,False,True,False,False,False,False,False,False,False,2
2023-10-10 06:00:00+00:00,98,89,320,96,2780,2139,12,147,126,0.11,1116000,85,386,online,degraded,online,95.25,4919,1,0,0,0,1,0,1,0,0,150.2,57.013682568309854,2.9782324584376285,59.7,12.899999999999942,2.9689922480620288,67.2,7.480641683706076,2.9141885043743723,2578.7,783.4584928380075,2.9871397417908834,0.02899999999999999,0.02700000000000002,2.9999999999999982,True,False,True,True,True,True,False,True,False,True,True,True,True,True,1
2023-10-10 09:30:00+00:00,61,67,115,58,1305,1039,3,148,48,0.02,1128600,59,257,offline,online,online,61.75,2344,0,0,1,1,0,0,1,0,0,148.5,57.64416709433834,-0.581151601083508,60.2,12.789057822998478,0.0625534743115605,67.4,7.364781055808846,-0.05431254465935718,2582.0,785.1048337642575,-0.303144229616938,0.02899999999999999,0.02700000000000002,-0.33333333333333276,False,False,False,False,False,False,True,False,False,False,False,False,False,False,2
2023-10-10 11:00:00+00:00,99,86,383,94,2626,2207,12,153,133,0.11,1134000,83,354,online,degraded,online,94.5,4833,1,0,0,0,1,0,1,0,0,153.0,76.98701189161713,2.987516911603163,60.1,13.163965967746899,2.9550365061189834,66.5,6.6970142601013585,2.91174533047879,2550.6,765.5272953984087,2.981474355936786,0.02899999999999999,0.02700000000000002,2.9999999999999982,True,False,True,True,True,False,False,True,False,True,True,True,True,True,1
2023-10-10 13:00:00+00:00,59,66,117,58,1106,1118,3,148,49,0.02,1141200,57,250,offline,online,online,60.5,2224,0,0,1,1,0,0,1,0,0,152.3,77.3395758974666,-0.45642867303538354,60.5,13.070960178961553,-0.11475821052644125,66.0,6.841052550594901,0.0,2552.9,761.0396113212521,-0.4321719856723252,0.02899999999999999,0.02700000000000002,-0.33333333333333276,False,False,False,False,False,False,True,False,False,False,False,False,False,False,2
2023-10-10 13:30:00+00:00,71,69,201,72,1396,1409,4,175,60,0.05,1143000,62,280,online,online,degraded,70.75,2805,1,0,0,1,0,0,0,1,0,160.0,77.96922469795373,0.5258485018778958,62.0,13.326664999166102,0.6753377533361244,66.7,6.753517601961285,0.3405632642953437,2602.0,759.8806485231761,0.26714721633526184,0.031999999999999994,0.027495454169735055,0.6546536707079771,False,False,False,False,False,False,False,False,True,False,False,False,False,False,1
2023-10-10 16:00:00+00:00,90,84,335,94,2386,2084,11,152,129,0.11,1152000,86,372,online,degraded,online,89.5,4470,1,0,0,0,1,0,1,0,0,158.0,62.98253726232374,2.8103027869898423,60.8,10.888526071052896,2.6817220080528705,67.0,6.131883886702427,2.7723943104770976,2556.9,660.4506718900378,2.8966584204164803,0.031999999999999994,0.027495454169735055,2.8368325730679,True,False,True,True,True,True,False,True,False,True,True,True,True,True,1
2023-10-10 16:30:00+00:00,61,66,137,59,1093,1041,2,157,48,0.02,1153800,61,249,offline,online,online,61.75,2134,0,0,1,1,0,0,1,0,0,159.0,62.56037084289061,-0.35166031952158877,61.1,10.848502200764798,-0.009217862350892237,67.3,6.000833275471066,-0.21663658034191044,2542.0,668.0983460539342,-0.6106885347192029,0.03199999999999999,0.027495454169735055,-0.43643578047198406,False,False,False,False,False,False,True,False,False,False,False,False,False,False,2
2023-10-10 20:00:00+00:00,62,68,121,62,1210,1129,3,147,52,0.02,1166400,62,249,offline,online,online,63.5,2339,0,0,1,1,0,0,1,0,0,153.9,60.561456389357076,-0.5432498153360422,60.4,10.150862032359546,0.15762208124782134,66.5,6.296824596572544,0.2382153063016036,2513.4,658.9065487609016,-0.26468093286971545,0.02899999999999999,0.02700000000000002,-0.33333333333333276,False,False,False,False,False,False,True,False,False,False,False,False,False,False,2
2023-10-10 21:00:00+00:00,98,92,315,95,2538,2256,11,154,128,0.11,1170000,86,376,online,degraded,online,95.75,4794,1,0,0,0,1,0,1,0,0,152.2,54.502843962494275,2.9870000932800793,61.1,12.549501982150476,2.940355725070521,67.6,8.464041587799576,2.8827835670338846,2562.9,747.3722566432357,2.9852593271535284,0.02899999999999999,0.02700000000000002,2.9999999999999982,True,True,True,True,True,True,False,True,False,True,True,True,True,True,2
2023-10-10 23:30:00+00:00,59,63,113,62,1235,1006,3,157,52,0.02,1179000,58,248,offline,online,online,60.75,2241,0,0,1,1,0,0,1,0,0,148.7,56.11960441770772,-0.6361413336822341,60.2,12.851459061133818,-0.0933746117302056,67.4,8.522910301065055,-0.516255579910323,2563.7,746.3229930800755,-0.43238651762317637,0.02899999999999999,0.02700000000000002,-0.33333333333333276,False,False,False,False,False,False,True,False,False,False,False,False,False,False,2
2023-10-11 02:00:00+00:00,93,88,343,97,2657,2169,13,147,133,0.12,1188000,83,356,online,degraded,online,92.75,4826,1,0,0,0,1,0,1,0,0,150.6,64.61454944515205,2.977657534597814,59.5,11.28937553631725,2.9673917651363877,67.8,7.011419257183293,2.881014422194883,2570.9,756.8300271527303,2.9796650755043506,0.029999999999999992,0.030000000000000013,2.9999999999999987,True,False,True,True,True,False,False,True,False,True,True,True,True,True,1
2023-10-11 03:00:00+00:00,59,65,128,63,1147,1096,3,156,52,0.02,1191600,61,259,offline,online,online,61.5,2243,0,0,1,1,0,0,1,0,0,149.1,64.95606207275807,-0.32483496269163653,59.9,11.175419455215025,-0.08053388990066161,67.3,7.100000000000058,-0.32394366197182795,2567.7,757.9527755737837,-0.42839080542214014,0.029999999999999992,0.030000000000000013,-0.3333333333333329,False,False,False,False,False,False,True,False,False,False,False,False,False,False,2
2023-10-11 04:30:00+00:00,67,71,199,67,1515,1495,6,186,62,0.05,1197000,62,273,online,online,degraded,68.0,3010,1,0,0,1,0,0,0,1,0,158.1,65.17123598643805,0.6275774792503733,60.5,11.465164630305077,0.5669347287712729,68.2,6.968500556073786,0.40180810455120086,2621.3,769.0470791830645,0.5054306953651058,0.032999999999999995,0.030347981810987044,0.5601690453710964,False,False,False,False,False,False,False,False,True,False,False,False,False,False,1
2023-10-11 06:30:00+00:00,60,65,130,59,1102,1004,3,145,51,0.02,1204200,60,255,offline,online,online,61.0,2106,0,0,1,1,0,0,1,0,0,158.9,64.8605427050992,-0.44557135655492974,60.7,11.515641536623072,-0.06078688692886109,67.7,7.15611626512599,-0.3772996273352843,2584.4,788.1426520624312,-0.6069967140442293,0.032999999999999995,0.030347981810987044,-0.42836456410730855,False,False,False,False,False,False,True,False,False,False,False,False,False,False,2
2023-10-11 07:00:00+00:00,91,84,324,89,2698,1912,11,147,134,0.12,1206000,87,379,online,degraded,online,88.75,4610,1,0,0,0,1,0,1,0,0,157.0,59.4962183672206,2.8069010868766164,60.5,10.956733089748903,2.7836764617854692,67.3,6.034069936618305,2.7676179055623016,2562.8,727.0012104529142,2.815951294942983,0.032999999999999995,0.030347981810987044,2.866747467487374,True,False,True,True,True,True,False,True,False,True,True,True,True,True,1
2023-10-11 10:00:00+00:00,62,64,124,61,1144,1191,2,149,52,0.02,1216800,59,261,offline,online,online,62.25,2335,0,0,1,1,0,0,1,0,0,150.7,58.008706243114915,-0.4602757366816645,59.6,10.883014288330159,0.22052713856798986,66.6,6.086049621881251,-0.42720650693549744,2552.9,699.4804429003018,-0.3115169297607621,0.029999999999999992,0.030000000000000013,-0.3333333333333329,False,False,False,False,False,False,True,False,False,False,False,False,False,False,2
2023-10-11 12:00:00+00:00,94,90,377,92,2804,2040,11,150,126,0.13,1224000,83,357,online,degraded,online,92.5,4844,1,0,0,0,1,0,1,0,0,156.1,73.85993501215661,2.9907960244433203,59.7,11.705127081753467,2.930339821211214,67.3,7.798076685952815,2.9109741945588965,2610.0,749.1767481709525,2.9819398499140686,0.030999999999999993,0.033000000000000015,2.9999999999999987,True,True,True,True,True,False,False,True,False,True,True,True,True,True,1
2023-10-11 13:30:00+00:00,57,62,114,58,1177,1156,3,147,49,0.02,1229400,62,250,offline,online,online,58.5,2333,0,0,1,1,0,0,1,0,0,151.5,75.5,-0.4966887417218543,59.5,11.800423721205878,-0.21185679930351914,66.9,7.905061669588727,-0.6198560118576452,2600.4,752.6667522881576,-0.35527011016108534,0.030999999999999993,0.033000000000000015,-0.3333333333333329,False,False,False,False,False,False,True,False,False,False,False,False,False,False,2
2023-10-11 17:00:00+00:00,95,86,347,94,2846,2206,10,157,134,0.11,1242000,83,364,online,degraded,online,92.5,5052,1,0,0,0,1,0,1,0,0,147.0,67.1103568758206,2.9801659432399568,59.0,12.13260071048241,2.967212130281059,65.7,6.856383886568865,2.9607443713538495,2596.6,823.2436091461644,2.982592239673313,0.02899999999999999,0.02700000000000002,2.9999999999999982,True,False,True,True,True,False,False,True,False,True,True,True,True,True,1
2023-10-11 19:30:00+00:00,72,67,190,67,1393,1497,4,173,60,0.05,1251000,64,283,online,online,degraded,69.5,2890,1,0,0,1,0,0,0,1,0,154.9,67.01261075349922,0.5237820106593469,60.7,12.617844506887797,0.8955570813883134,66.8,6.630233781700381,0.030164848870338188,2647.5,824.5097027931226,0.29411418589557287,0.031999999999999994,0.027495454169735055,0.6546536707079771,False,False,False,False,False,False,False,False,True,False,False,False,False,False,1
2023-10-11 20:30:00+00:00,57,63,135,63,1272,1099,2,146,52,0.02,1254600,62,247,offline,online,online,60.0,2371,0,0,1,1,0,0,1,0,0,155.6,66.62011708185447,-0.3092159080820781,61.4,12.24091499847943,-0.35945025355919613,67.0,6.572670690062062,-0.6085806194501782,2614.9,834.9831674950118,-0.2921016967703809,0.03199999999999999,0.027495454169735055,-0.43643578047198406,False,False,False,False,False,False,True,False,False,False,False,False,False,False,2
